システム名,別名,担当者,部署,稼働の決まり
勘定系システム,勘定系,佐藤,情報システム部,月末の3営業日は締め処理のため設定を変えられない
ポイント管理システム,,鈴木,情報システム部,ポイントの付与は毎月10日の一括処理だけで随時の付与はできない
顧客管理システム,CRM,田中,営業企画部,対象者の抽出は依頼から2週間かかる
申込受付システム,,高橋,情報システム部,申込画面の項目を変える改修は四半期ごとの受付になる
予約管理システム,,高橋,情報システム部,予約枠の追加は1週間前までに依頼する
メール配信システム,,伊藤,デジタル推進部,配信できるのは平日の10時から17時まで
ローン審査システム,,渡辺,融資部,審査は申込から5営業日かかる
投信販売システム,,山本,資産運用部,取扱商品の追加は月1回の登録日だけ
カード発行システム,,中村,事務センター,カードの発行は申込から10営業日かかる
インターネットバンキング,ネットバンキング,小林,デジタル推進部,画面の変更は毎月第2日曜の定期メンテナンスで反映する
スマホアプリ基盤,アプリ基盤,小林,デジタル推進部,アプリの更新はストア審査のため公開まで2週間みる
コールセンターシステム,,加藤,お客さまサービス部,応対の台本の差し替えは開始の5営業日前までに依頼する
